update,global_step,optimizer_age,scope,tokens,opposite_sign_fraction,canceled_absolute_mean,reconstruction_abs_max,consumption_tis_cap_1_05_fraction,engine_signed_mean,engine_abs_mean,engine_abs_p50,engine_abs_p95,engine_abs_p99,engine_abs_max,stale_signed_mean,stale_abs_mean,stale_abs_p50,stale_abs_p95,stale_abs_p99,stale_abs_max,combined_signed_mean,combined_abs_mean,combined_abs_p50,combined_abs_p95,combined_abs_p99,combined_abs_max,baseline_repeat_signed_mean,baseline_repeat_abs_mean,baseline_repeat_abs_p50,baseline_repeat_abs_p95,baseline_repeat_abs_p99,baseline_repeat_abs_max,current_repeat_signed_mean,current_repeat_abs_mean,current_repeat_abs_p50,current_repeat_abs_p95,current_repeat_abs_p99,current_repeat_abs_max,generation_reread_signed_mean,generation_reread_abs_mean,generation_reread_abs_p50,generation_reread_abs_p95,generation_reread_abs_p99,generation_reread_abs_max
0,0,0,all,6245,0.0,0.0,0.0,0.11689351481184948,-0.004602219056791829,0.04398922576864074,0.015162348747253418,0.18185386657714844,0.3787945842742915,1.336812973022461,0.0,0.0,0.0,0.0,0.0,0.0,-0.004602219056791829,0.04398922576864074,0.015162348747253418,0.18185386657714844,0.3787945842742915,1.336812973022461,0.0,0.0,0.0,0.0,0.0,0.0,0.0,0.0,0.0,0.0,0.0,0.0,-0.004151088335531766,0.040030043963551455,0.013621151447296143,0.16510953903198236,0.34100168228149325,1.2634353637695312
0,0,0,prompt:0,220,0.0,0.0,0.0,0.1,-0.01668311636631808,0.05241431209406693,0.008009485900402069,0.23446311950683543,0.6689262056350709,0.8371142148971558,0.0,0.0,0.0,0.0,0.0,0.0,-0.01668311636631808,0.05241431209406693,0.008009485900402069,0.23446311950683543,0.6689262056350709,0.8371142148971558,0.0,0.0,0.0,0.0,0.0,0.0,0.0,0.0,0.0,0.0,0.0,0.0,-0.014721456239590225,0.047968482298737895,0.006167545914649963,0.25126336812973016,0.4227266550064087,0.6693598031997681
0,0,0,prompt:1,410,0.0,0.0,0.0,0.13658536585365855,-0.006382980948910977,0.05307992258069894,0.02154424786567688,0.22262715101242025,0.378642073869705,0.9166908264160156,0.0,0.0,0.0,0.0,0.0,0.0,-0.006382980948910977,0.05307992258069894,0.02154424786567688,0.22262715101242025,0.378642073869705,0.9166908264160156,0.0,0.0,0.0,0.0,0.0,0.0,0.0,0.0,0.0,0.0,0.0,0.0,-0.010671347482190324,0.04632739901550999,0.01630355417728424,0.19055653810501083,0.46139307141303537,0.7666113376617432
0,0,0,prompt:2,5376,0.0,0.0,0.0,0.1173735119047619,-0.0041066472583549726,0.0431210452397839,0.015711307525634766,0.1767193078994751,0.3523251414299011,1.336812973022461,0.0,0.0,0.0,0.0,0.0,0.0,-0.0041066472583549726,0.0431210452397839,0.015711307525634766,0.1767193078994751,0.3523251414299011,1.336812973022461,0.0,0.0,0.0,0.0,0.0,0.0,0.0,0.0,0.0,0.0,0.0,0.0,-0.0033872590753646664,0.03934994413443642,0.01412665843963623,0.15877771377563477,0.31779223680496216,1.2634353637695312
0,0,0,prompt:3,239,0.0,0.0,0.0,0.08786610878661087,-0.0015741194941638699,0.04016761003055199,0.004094354808330536,0.1744139790534973,0.5374045181274425,0.9283795356750488,0.0,0.0,0.0,0.0,0.0,0.0,-0.0015741194941638699,0.04016761003055199,0.004094354808330536,0.1744139790534973,0.5374045181274425,0.9283795356750488,0.0,0.0,0.0,0.0,0.0,0.0,0.0,0.0,0.0,0.0,0.0,0.0,-0.000417025212667582,0.03721767859233144,0.004518501460552216,0.1603079319000244,0.3947655421495438,0.6427123546600342
1,1,1,all,6245,0.666773418734988,0.044231986805482945,0.0,0.1200960768614892,-0.004602219056791829,0.04398922576864074,0.015162348747253418,0.18185386657714844,0.3787945842742915,1.336812973022461,0.0004978457925856217,0.04340027389599976,0.015073299407958984,0.18409123420715323,0.34070226669311376,1.4360599517822266,-0.004104373264206208,0.043157512859157546,0.01507645845413208,0.1833086013793943,0.3484651947021475,0.8406887054443359,0.0,0.0,0.0,0.0,0.0,0.0,0.0,0.0,0.0,0.0,0.0,0.0,-0.004151088335531766,0.040030043963551455,0.013621151447296143,0.16510953903198236,0.34100168228149325,1.2634353637695312
1,1,1,prompt:0,220,0.6272727272727273,0.03634069419624459,0.0,0.09545454545454546,-0.01668311636631808,0.05241431209406693,0.008009485900402069,0.23446311950683543,0.6689262056350709,0.8371142148971558,-0.0032354383990609264,0.037198116165140245,0.0048591941595077515,0.18113456219434734,0.2618647054582835,0.4309406280517578,-0.019918554765379005,0.05327173406296259,0.008233405649662018,0.2870337128639218,0.4591618919372559,0.6041868925094604,0.0,0.0,0.0,0.0,0.0,0.0,0.0,0.0,0.0,0.0,0.0,0.0,-0.014721456239590225,0.047968482298737895,0.006167545914649963,0.25126336812973016,0.4227266550064087,0.6693598031997681
1,1,1,prompt:1,410,0.6609756097560976,0.053392197211891604,0.0,0.14390243902439023,-0.006382980948910977,0.05307992258069894,0.02154424786567688,0.22262715101242025,0.378642073869705,0.9166908264160156,-0.001170107929715691,0.056359260288210096,0.015461169183254242,0.24688689708709682,0.5078429889678953,0.7711930274963379,-0.007553088878626667,0.056046985657017434,0.017615467309951782,0.2235566735267639,0.5106770658493037,0.6175370216369629,0.0,0.0,0.0,0.0,0.0,0.0,0.0,0.0,0.0,0.0,0.0,0.0,-0.010671347482190324,0.04632739901550999,0.01630355417728424,0.19055653810501083,0.46139307141303537,0.7666113376617432
1,1,1,prompt:2,5376,0.671875,0.04459052440343995,0.0,0.11923363095238096,-0.0041066472583549726,0.0431210452397839,0.015711307525634766,0.1767193078994751,0.3523251414299011,1.336812973022461,0.0006407543500954949,0.04323274494973761,0.01586514711380005,0.18016409873962402,0.3350926637649536,1.4360599517822266,-0.0034658929082594775,0.04176326578608156,0.015447646379470825,0.1709498167037964,0.32614564895629883,0.7902946472167969,0.0,0.0,0.0,0.0,0.0,0.0,0.0,0.0,0.0,0.0,0.0,0.0,-0.0033872590753646664,0.03934994413443642,0.01412665843963623,0.15877771377563477,0.31779223680496216,1.2634353637695312
1,1,1,prompt:3,239,0.5983263598326359,0.027716923963592054,0.0,0.12133891213389121,-0.0015741194941638699,0.04016761003055199,0.004094354808330536,0.1744139790534973,0.5374045181274425,0.9283795356750488,0.0035811392784965024,0.03064682575829321,0.004547886550426483,0.16347274780273438,0.27305683374404943,0.5978178381919861,0.0020070197843326323,0.04309751182525315,0.0053201764822006226,0.21876513957977295,0.36133508205413833,0.8406887054443359,0.0,0.0,0.0,0.0,0.0,0.0,0.0,0.0,0.0,0.0,0.0,0.0,-0.000417025212667582,0.03721767859233144,0.004518501460552216,0.1603079319000244,0.3947655421495438,0.6427123546600342
2,2,2,all,6245,0.6677341873498799,0.04445292963409463,0.0,0.1268214571657326,-0.004602219056791829,0.04398922576864074,0.015162348747253418,0.18185386657714844,0.3787945842742915,1.336812973022461,0.000183163237658354,0.0446483677940194,0.015871524810791016,0.18443734645843504,0.3727179241180418,1.1031241416931152,-0.004419055819133475,0.04418466392856551,0.016157597303390503,0.17810964584350564,0.3740605545043939,1.2777900695800781,0.0,0.0,0.0,0.0,0.0,0.0,0.0,0.0,0.0,0.0,0.0,0.0,-0.004151088335531766,0.040030043963551455,0.013621151447296143,0.16510953903198236,0.34100168228149325,1.2634353637695312
2,2,2,prompt:0,220,0.6954545454545454,0.04043155049353531,0.0,0.11363636363636363,-0.01668311636631808,0.05241431209406693,0.008009485900402069,0.23446311950683543,0.6689262056350709,0.8371142148971558,0.003774717585528461,0.038388777706681636,0.006552506238222122,0.17201104275882204,0.40329331398010276,0.5577709674835205,-0.012908398780789618,0.05037153930721326,0.006298273801803589,0.22564369384199356,0.5609657216072086,0.7385152578353882,0.0,0.0,0.0,0.0,0.0,0.0,0.0,0.0,0.0,0.0,0.0,0.0,-0.014721456239590225,0.047968482298737895,0.006167545914649963,0.25126336812973016,0.4227266550064087,0.6693598031997681
2,2,2,prompt:1,410,0.6463414634146342,0.05298367647203854,0.0,0.12926829268292683,-0.006382980948910977,0.05307992258069894,0.02154424786567688,0.22262715101242025,0.378642073869705,0.9166908264160156,-0.0030134584774445345,0.0520390249566398,0.015622884035110474,0.2061820685863494,0.5009893882274621,1.0217230319976807,-0.009396439426355511,0.0521352710653002,0.016348276287317276,0.20086520910262998,0.5697363977134199,1.2246031761169434,0.0,0.0,0.0,0.0,0.0,0.0,0.0,0.0,0.0,0.0,0.0,0.0,-0.010671347482190324,0.04632739901550999,0.01630355417728424,0.19055653810501083,0.46139307141303537,0.7666113376617432
2,2,2,prompt:2,5376,0.6711309523809523,0.04419587232593684,0.0,0.12834821428571427,-0.0041066472583549726,0.0431210452397839,0.015711307525634766,0.1767193078994751,0.3523251414299011,1.336812973022461,0.0005855161568141624,0.044485852150634206,0.016750410199165344,0.18348771333694458,0.3472948670387268,1.1009798049926758,-0.0035211311015408103,0.043411025064481266,0.01705065369606018,0.17067000269889832,0.35203179717063904,1.2777900695800781,0.0,0.0,0.0,0.0,0.0,0.0,0.0,0.0,0.0,0.0,0.0,0.0,-0.0033872590753646664,0.03934994413443642,0.01412665843963623,0.15877771377563477,0.31779223680496216,1.2634353637695312
2,2,2,prompt:3,239,0.602510460251046,0.039302458069334655,0.0,0.100418410041841,-0.0015741194941638699,0.04016761003055199,0.004094354808330536,0.1744139790534973,0.5374045181274425,0.9283795356750488,-0.006689541141926856,0.041387382360457664,0.006122912280261517,0.21406251192092893,0.4088956260681156,1.1031241416931152,-0.008263660636090726,0.04225253432167501,0.0062171295285224915,0.2177493095397949,0.42620882511138924,0.7019820213317871,0.0,0.0,0.0,0.0,0.0,0.0,0.0,0.0,0.0,0.0,0.0,0.0,-0.000417025212667582,0.03721767859233144,0.004518501460552216,0.1603079319000244,0.3947655421495438,0.6427123546600342
3,3,3,all,6245,0.6690152121697358,0.04374888831193358,0.0,0.12313851080864692,-0.004602219056791829,0.04398922576864074,0.015162348747253418,0.18185386657714844,0.3787945842742915,1.336812973022461,-0.001245190861396463,0.04513074012900539,0.0160830020904541,0.1829134941101072,0.3772225761413559,1.531982421875,-0.005847409918188292,0.04537107758571255,0.015035450458526611,0.18225154876708982,0.3891333961486791,1.7348625659942627,0.0,0.0,0.0,0.0,0.0,0.0,0.0,0.0,0.0,0.0,0.0,0.0,-0.004151088335531766,0.040030043963551455,0.013621151447296143,0.16510953903198236,0.34100168228149325,1.2634353637695312
3,3,3,prompt:0,220,0.6318181818181818,0.04900715890139095,0.0,0.10454545454545454,-0.01668311636631808,0.05241431209406693,0.008009485900402069,0.23446311950683543,0.6689262056350709,0.8371142148971558,-0.001283403136837726,0.047094872864218734,0.008592411875724792,0.20033156871795632,0.4649776315689089,0.816779613494873,-0.017966519503155805,0.05050202605689471,0.007807597517967224,0.22861237078905094,0.5382195472717286,0.6627110242843628,0.0,0.0,0.0,0.0,0.0,0.0,0.0,0.0,0.0,0.0,0.0,0.0,-0.014721456239590225,0.047968482298737895,0.006167545914649963,0.25126336812973016,0.4227266550064087,0.6693598031997681
3,3,3,prompt:1,410,0.5585365853658537,0.03472654723016759,0.0,0.15365853658536585,-0.006382980948910977,0.05307992258069894,0.02154424786567688,0.22262715101242025,0.378642073869705,0.9166908264160156,-0.015557688496847653,0.05677439932923884,0.021010547876358032,0.18996661603450773,0.5213663065433485,1.531982421875,-0.02194066944575863,0.07512777467977019,0.023192942142486572,0.29873601198196315,0.6673022651672353,1.7348625659942627,0.0,0.0,0.0,0.0,0.0,0.0,0.0,0.0,0.0,0.0,0.0,0.0,-0.010671347482190324,0.04632739901550999,0.01630355417728424,0.19055653810501083,0.46139307141303537,0.7666113376617432
3,3,3,prompt:2,5376,0.6826636904761905,0.044566995381094966,0.0,0.12239583333333333,-0.0041066472583549726,0.0431210452397839,0.015711307525634766,0.1767193078994751,0.3523251414299011,1.336812973022461,0.00015543669394214006,0.044076238067694305,0.016576401889324188,0.1770630031824112,0.35198986530303955,1.2645282745361328,-0.003951210564412833,0.04263028792638323,0.01515253633260727,0.1660720705986023,0.347398579120636,1.6662178039550781,0.0,0.0,0.0,0.0,0.0,0.0,0.0,0.0,0.0,0.0,0.0,0.0,-0.0033872590753646664,0.03934994413443642,0.01412665843963623,0.15877771377563477,0.31779223680496216,1.2634353637695312
3,3,3,prompt:3,239,0.5857740585774058,0.035984020989891105,0.0,0.10460251046025104,-0.0015741194941638699,0.04016761003055199,0.004094354808330536,0.1744139790534973,0.5374045181274425,0.9283795356750488,-0.008162525616075392,0.04706795187697931,0.005236804485321045,0.23443888425827025,0.4922875511646281,1.1349296569824219,-0.009736645110239263,0.0512515409176402,0.006930947303771973,0.2448607444763183,0.5166375684738159,0.8164887428283691,0.0,0.0,0.0,0.0,0.0,0.0,0.0,0.0,0.0,0.0,0.0,0.0,-0.000417025212667582,0.03721767859233144,0.004518501460552216,0.1603079319000244,0.3947655421495438,0.6427123546600342
4,4,4,all,6245,0.6605284227381906,0.044019379078258154,0.0,0.12265812650120096,-0.004602219056791829,0.04398922576864074,0.015162348747253418,0.18185386657714844,0.3787945842742915,1.336812973022461,-0.0024248191559018,0.0455934506242619,0.015297383069992065,0.19109859466552695,0.36986683845519847,2.500598430633545,-0.007027038212693629,0.045563297314644494,0.016092777252197266,0.1787336349487301,0.39147690773010135,2.6702308654785156,0.0,0.0,0.0,0.0,0.0,0.0,0.0,0.0,0.0,0.0,0.0,0.0,-0.004151088335531766,0.040030043963551455,0.013621151447296143,0.16510953903198236,0.34100168228149325,1.2634353637695312
4,4,4,prompt:0,220,0.7272727272727273,0.05564784244057095,0.0,0.11363636363636363,-0.01668311636631808,0.05241431209406693,0.008009485900402069,0.23446311950683543,0.6689262056350709,0.8371142148971558,0.00263531127749378,0.05120800963466288,0.008170278742909431,0.2388629287481306,0.5530697965621951,1.1825710535049438,-0.0140478050888243,0.04797447928815886,0.005828335881233215,0.22854242250323284,0.48385713577270517,1.2474294900894165,0.0,0.0,0.0,0.0,0.0,0.0,0.0,0.0,0.0,0.0,0.0,0.0,-0.014721456239590225,0.047968482298737895,0.006167545914649963,0.25126336812973016,0.4227266550064087,0.6693598031997681
4,4,4,prompt:1,410,0.5926829268292683,0.038534551574226805,0.0,0.15365853658536585,-0.006382980948910977,0.05307992258069894,0.02154424786567688,0.22262715101242025,0.378642073869705,0.9166908264160156,-0.010565926791983801,0.05630948410540557,0.018303675577044487,0.242544177174568,0.39774290442466687,1.2835192680358887,-0.01694890774089478,0.07085485511187771,0.02124755084514618,0.2984864056110382,0.6171110665798156,1.4863994121551514,0.0,0.0,0.0,0.0,0.0,0.0,0.0,0.0,0.0,0.0,0.0,0.0,-0.010671347482190324,0.04632739901550999,0.01630355417728424,0.19055653810501083,0.46139307141303537,0.7666113376617432
4,4,4,prompt:2,5376,0.6700148809523809,0.044247803146942044,0.0,0.12165178571428571,-0.0041066472583549726,0.0431210452397839,0.015711307525634766,0.1767193078994751,0.3523251414299011,1.336812973022461,-0.0018985327667255802,0.04435659023781147,0.015782475471496582,0.18493133783340454,0.35400718450546265,2.500598430633545,-0.006005180025080553,0.04322983233065333,0.01646152138710022,0.16262086480855942,0.34736353158950806,2.6702308654785156,0.0,0.0,0.0,0.0,0.0,0.0,0.0,0.0,0.0,0.0,0.0,0.0,-0.0033872590753646664,0.03934994413443642,0.01412665843963623,0.15877771377563477,0.31779223680496216,1.2634353637695312
4,4,4,prompt:3,239,0.502092050209205,0.03758636461674956,0.0,0.100418410041841,-0.0015741194941638699,0.04016761003055199,0.004094354808330536,0.1744139790534973,0.5374045181274425,0.9283795356750488,-0.0049549036444573,0.04986367961171121,0.005030155181884766,0.2054128527641296,0.7961695563793211,1.2624430656433105,-0.00652902313862117,0.05244492502551364,0.005475252866744995,0.2310278713703155,0.39659529089927686,1.285344123840332,0.0,0.0,0.0,0.0,0.0,0.0,0.0,0.0,0.0,0.0,0.0,0.0,-0.000417025212667582,0.03721767859233144,0.004518501460552216,0.1603079319000244,0.3947655421495438,0.6427123546600342
5,5,5,all,6245,0.6614891913530825,0.04476249121977095,0.0,0.13066453162530023,-0.004602219056791829,0.04398922576864074,0.015162348747253418,0.18185386657714844,0.3787945842742915,1.336812973022461,-0.0032392775215051637,0.05057135003161324,0.01713085174560547,0.2014933109283443,0.43387906551361033,3.225741922855377,-0.007841496578296994,0.04979808458048303,0.01680302619934082,0.20061733722686736,0.3916384887695295,3.2880423069000244,0.0,0.0,0.0,0.0,0.0,0.0,0.0,0.0,0.0,0.0,0.0,0.0,-0.004151088335531766,0.040030043963551455,0.013621151447296143,0.16510953903198236,0.34100168228149325,1.2634353637695312
5,5,5,prompt:0,220,0.7227272727272728,0.05792257991780719,0.0,0.10454545454545454,-0.01668311636631808,0.05241431209406693,0.008009485900402069,0.23446311950683543,0.6689262056350709,0.8371142148971558,-0.010871288442498636,0.06956782926086527,0.008650977164506912,0.29438626766204823,0.8127998566627503,2.955757260322571,-0.027554404808816716,0.06405956143712502,0.007076021283864975,0.25134936971589883,0.5495824277400971,3.0206156969070435,0.0,0.0,0.0,0.0,0.0,0.0,0.0,0.0,0.0,0.0,0.0,0.0,-0.014721456239590225,0.047968482298737895,0.006167545914649963,0.25126336812973016,0.4227266550064087,0.6693598031997681
5,5,5,prompt:1,410,0.6317073170731707,0.042222742336699835,0.0,0.16341463414634147,-0.006382980948910977,0.05307992258069894,0.02154424786567688,0.22262715101242025,0.378642073869705,0.9166908264160156,-0.008183287685112258,0.0590967567391977,0.018754541873931885,0.24500949978828426,0.44000619411468417,2.4309656620025635,-0.014566268634023233,0.06995393698319681,0.02302297204732895,0.26129853725433333,0.5075985562801318,2.633845806121826,0.0,0.0,0.0,0.0,0.0,0.0,0.0,0.0,0.0,0.0,0.0,0.0,-0.010671347482190324,0.04632739901550999,0.01630355417728424,0.19055653810501083,0.46139307141303537,0.7666113376617432
5,5,5,prompt:2,5376,0.6642485119047619,0.04447170883530281,0.0,0.12946428571428573,-0.0041066472583549726,0.0431210452397839,0.015711307525634766,0.1767193078994751,0.3523251414299011,1.336812973022461,-0.0020729854769671466,0.0479278237587901,0.017935514450073242,0.19190651178359985,0.3985835313796997,2.2198715209960938,-0.006179632735322119,0.046577160163271174,0.017187297344207764,0.18968957662582397,0.3635345697402954,2.621561050415039,0.0,0.0,0.0,0.0,0.0,0.0,0.0,0.0,0.0,0.0,0.0,0.0,-0.0033872590753646664,0.03934994413443642,0.01412665843963623,0.15877771377563477,0.31779223680496216,1.2634353637695312
5,5,5,prompt:3,239,0.5941422594142259,0.043546272087519454,0.0,0.12552301255230125,-0.0015741194941638699,0.04016761003055199,0.004094354808330536,0.1744139790534973,0.5374045181274425,0.9283795356750488,-0.013966890332128213,0.07792262644229167,0.008273929357528687,0.3222261011600494,0.917356424331666,3.225741922855377,-0.015541009826292083,0.07454396438532422,0.008849415928125381,0.28901293277740475,0.806934783160687,3.2880423069000244,0.0,0.0,0.0,0.0,0.0,0.0,0.0,0.0,0.0,0.0,0.0,0.0,-0.000417025212667582,0.03721767859233144,0.004518501460552216,0.1603079319000244,0.3947655421495438,0.6427123546600342
