run,step,iris_job_index,iris_attempt,consumed_tokens,cumulative_consumed_tokens,step_seconds,cumulative_cycle_seconds,nominal_cycle_gpu_hours,age_mean,age_p90,age_at_least_four_fraction,stale_rejected,rejected_rate,mismatch_log_ratio_abs_mean,tis_capped_fraction,correction_abs_mean,policy_entropy,response_bytes_mean,length_stop_fraction
s20_tis,1,,,123079,123079,559.9767489270016,559.9767489270016,2.4887855507866736,0,0,0,0,0,0.012904858765443896,0.04580796929076314,,0.3925890289247036,4970121.056430446,0
s20_tis,2,,,209375,332454,130.52116362699599,690.4979125539976,3.0688796113511003,1,1,0,0,0,0.012561695713560018,0.04436570033431053,,0.3959060572087765,10544536.5,0.0390625
s20_tis,3,,,417515,749969,67.70096988099976,758.1988824349974,3.3697728108222105,2,2,0,0,0,0.015076360164625284,0.0538614010438323,,0.49087099730968475,10183843.640625,0.484375
s20_tis,4,,,438813,1188782,85.81588286299666,844.014765297994,3.751176734657751,2.962662911080574,3,0,0,0,0.01469152428383352,0.05212068650871515,,0.47549784556031227,9940234.109375,0.5625
s20_tis,5,,,461611,1650393,119.02229449700098,963.037059794995,4.280164710199978,3.995266577269606,4,0.9952665772696058,0,0,0.015054995685649188,0.054478179197758436,,0.4928184188902378,9489287.65625,0.703125
s20_tis,6,,,378704,2029097,82.71428752499924,1045.7513473199942,4.647783765866641,4.4533012590308,5,1,0,0,0.01636707615089568,0.056556038092821836,,0.5093019157648087,11104729.5234375,0.5078125
s20_tis,7,,,361701,2390798,76.13320478599053,1121.8845521059848,4.986153564915488,5,5,1,0,0,0.01610133889789032,0.055267923045903444,,0.4850078448653221,11056344.22047244,0.5078125
s20_tis,8,,,349967,2740765,141.93228256099974,1263.8168346669845,5.616963709631042,5,5,1,0,0,0.015088212727173133,0.053216548170894384,,0.46400558575987816,9431260.07751938,0.359375
s20_tis,9,,,341234,3081999,67.28460203799477,1331.1014367049793,5.916006385355463,5,5,1,0,0,0.015315035883890014,0.05322973616421223,,0.4693232960999012,10064789.2109375,0.3671875
s20_tis,10,,,325450,3407449,196.9325210829993,1528.0339577879786,6.791262034613238,4.986953449070517,5,1,0,0,0.015935567101824095,0.055563125759363174,,0.4863628000020981,9522650.859375,0.3671875
s20_tis,11,,,381272,3788721,75.30151098901115,1603.3354687769897,7.125935416786621,5,5,1,0,0,0.015819930749980126,0.05700721777975559,,0.5185595192015171,1450363.7466063348,0.5
s20_tis,12,,,362394,4151115,90.12250887299888,1693.4579776499886,7.526479900666616,4.99698118622273,5,1,0,0,0.015619489938684119,0.056135342456400394,,0.5044044703245163,9733259.7421875,0.484375
s20_tis,13,,,340817,4491932,67.20545463099552,1760.6634322809841,7.825170810137707,5.048072719377261,5,1,0,0,0.014995486839897758,0.052064367569983006,,0.4642941504716873,9349539.7734375,0.34375
s20_tis,14,,,345484,4837416,61.7200708570017,1822.3835031379858,8.099482236168825,5,5,1,0,0,0.015136582031971511,0.05321030830964446,,0.4623035043478012,8119342.9375,0.3359375
s20_tis,15,,,327031,5164447,80.15751769099734,1902.5410208289832,8.455737870351037,5,5,1,0,0,0.014800946936463341,0.051596533972769976,,0.4464539475739002,9512596.203125,0.328125
s20_tis,16,,,334566,5499013,80.60957073401369,1983.1505915629969,8.814002629168876,4.9073277021574215,5,0.969109234052474,0,0,0.014417045943915633,0.05154746025800705,,0.44192278385162354,8086095.921875,0.3359375
s20_tis,17,,,334791,5833804,89.60179589000472,2072.7523874530016,9.212232833124451,5.0481106122924455,5,1,0,0,0.015404332194439483,0.05280504189431667,,0.4582800008356571,9253949.0390625,0.4375
s20_tis,18,,,319485,6153289,66.07447427100851,2138.82686172401,9.505897163217822,5.047986603439911,5,1,0,0,0.015581069026795092,0.05480842012912035,,0.4867779575288296,9273870.125,0.359375
s20_tis,19,,,284757,6438046,75.76780701898679,2214.594668742997,9.842642972191097,5.057536776971242,5,1,0,0,0.015770972653875916,0.05475773010402918,,0.46480903774499893,7965472.96031746,0.3515625
s20_tis,20,,,326488,6764534,170.81508716499957,2385.4097559079964,10.601821137368873,5,5,1,0,0,0.015293933907917128,0.05257459031417966,,0.4576447010040283,10225787.561538462,0.3515625
s20_tis,21,,,277606,7042140,69.26483194700268,2454.674587854999,10.909664834911107,5,5,1,0,0,0.015345158799630752,0.05278175976127386,,0.452231977134943,1448569.8054298642,0.3359375
s20_tis,22,,,318110,7360250,95.28624853500514,2549.9608363900043,11.333159272844464,5,5,1,0,0,0.014695273650892078,0.05293273413553834,,0.4429430775344372,9203008.984375,0.34375
s20_tis,23,,,318273,7678523,63.77040057600243,2613.7312369660067,11.616583275404475,5,5,1,0,0,0.015535281831872048,0.05380570609122515,,0.4652005508542061,9140384.71875,0.375
s20_tis,24,,,277421,7955944,70.397433147009,2684.1286701130157,11.929460756057848,4.965373926270902,5,1,0,0,0.01642868404059014,0.05277002230286598,,0.43442104756832123,9303353.703125,0.2890625
s20_tis,25,,,347925,8303869,88.63934990898997,2772.7680200220057,12.323413422320025,5,5,1,0,0,0.01593966104603993,0.0565047743730247,,0.5036355182528496,10323849.6640625,0.40625
s20_tis,26,,,339865,8643734,102.53452151600504,2875.3025415380107,12.779122406835603,5,5,1,0,0,0.016268205209055444,0.0569951725192368,,0.4999661333858967,9331482.0,0.3984375
s20_tis,27,,,311760,8955494,70.39738730799581,2945.6999288460065,13.09199968376003,4.754426481909161,5,0.918142160636387,0,0,0.015479422567423158,0.051832666620612144,,0.46083443239331245,9909444.828125,0.3203125
s20_tis,28,,,310576,9266070,81.29380685600336,3026.99373570201,13.453305492008933,5.0946306218123745,5,1,0,0,0.01546780386000416,0.05482730362564325,,0.4734826534986496,9936487.1640625,0.375
s20_tis,29,,,321044,9587114,137.43704805300513,3164.430783755015,14.064136816688956,5.101905034823887,6,1,0,0,0.01544698563716668,0.05366826429963112,,0.46581852436065674,10114451.2265625,0.3671875
s20_tis,30,,,359541,9946655,179.3293028629996,3343.7600866180146,14.86115594052451,5.086385141054845,5,1,0,0,0.01594230705367515,0.05559953860938549,,0.488332811743021,10842093.8671875,0.46875
s20_tis,31,,,320871,10267526,66.08978859600029,3409.849875214015,15.15488833428451,5,5,1,0,0,0.014906175297399628,0.053338341414928436,,0.4574529714882374,1268377.7850678733,0.390625
s20_tis,32,,,340113,10607639,67.1896573779959,3477.039532592011,15.45350903374227,5,5,1,0,0,0.015847686719092383,0.054653414990752935,,0.4895406775176525,9564524.1328125,0.3515625
s20_tis,33,,,341152,10948791,141.68832213699352,3618.7278547290043,16.083234909906686,5,5,1,0,0,0.01614713267785563,0.05402118992060423,,0.4726412929594517,10039725.6640625,0.4609375
s20_tis,34,,,346953,11295744,62.3657952099893,3681.0936499389936,16.360416221951084,5,5,1,0,0,0.015942851565383245,0.056133849546313286,,0.4896000549197197,8111411.1875,0.4375
s20_tis,35,,,371775,11667519,81.44745753699681,3762.5411074759904,16.722404922115512,5,5,1,0,0,0.016225234456247357,0.05538070434704423,,0.47930706292390823,9570081.5234375,0.5
s20_tis,36,,,297119,11964638,139.37661647200002,3901.9177239479905,17.341856550879957,5,5,1,0,0,0.015754527778941128,0.05481945537030697,,0.46598150208592415,9245026.1015625,0.2734375
s20_tis,37,,,327860,12292498,68.39430368698959,3970.31202763498,17.645831233933244,5,5,1,0,0,0.015906606089151454,0.05441954266279936,,0.4611658565700054,11105926.8359375,0.4140625
s20_tis,38,,,344592,12637090,123.35533418999694,4093.667361824977,18.194077163666563,5,5,1,0,0,0.015998964183437735,0.05542139895260334,,0.46867019310593605,10523158.515625,0.4375
s20_tis,39,,,278647,12915737,62.340864168989356,4156.008225993966,18.471147671084296,5,5,1,0,0,0.015224764523587099,0.053163040895015,,0.43196606263518333,10292232.5703125,0.296875
s20_tis,40,,,328256,13243993,204.35175373300444,4360.359979726971,19.379377687675426,5,5,1,0,0,0.016214350604497715,0.055047235917299986,,0.4657851345837116,11103827.78125,0.3984375
s20_sc,1,,,106292,106292,575.0682626906782,575.0682626906782,2.555858945291903,0,0,0,0,0,0.013156822407553054,0.047289052978158,0.00305019854567945,0.39914773032069206,4976345.109580052,0
s20_sc,2,,,186966,293258,132.51741919107735,707.5856818817556,3.1448252528078027,1,1,0,0,0,0.01301176038817241,0.04731490649282932,0.0030975219269748777,0.4116496630012989,10598502.953125,0
s20_sc,3,,,389981,683239,78.83546808175743,786.421149963513,3.495205110948947,2,2,0,0,0,0.013917972350500822,0.04932735627517104,0.0007504617606173269,0.4450828395783901,10400432.1328125,0.375
s20_sc,4,,,476696,1159935,63.243658317252994,849.664808280766,3.7762880368034044,3,3,0,0,0,0.015044900282848363,0.0539299538359046,0,0.491006501019001,9589415.625,0.6796875
s20_sc,5,,,476749,1636684,91.56625110004097,941.231059380807,4.183249152803587,3.9958049204088524,4,0.9958049204088525,0,0,0.015570297318352036,0.055271465331315994,0.00021895057216170244,0.49992719292640686,9616477.515625,0.7265625
s20_sc,6,,,365946,2002630,71.26164822187275,1012.4927076026797,4.4999675893452435,4.418001563072147,5,1,0,0,0.01582462175730905,0.0537795671261847,0.0011492882913444191,0.4886927343904972,10827394.2109375,0.4921875
s20_sc,7,,,380446,2383076,114.91913506109267,1127.4118426637724,5.010719300727877,4.723408841202168,5,0.9078029470673893,0,0,0.016201151849058393,0.0559580703265965,0.00104154792643385,0.4976374879479408,10797356.3828125,0.5390625
s20_sc,8,,,360804,2743880,69.17178658116609,1196.5836292449385,5.318149463310838,5.131467500360307,6,1,0,0,0.015204158813393253,0.05279832938686013,0.0011781927023548633,0.4707183837890625,9600243.0234375,0.4296875
s20_sc,9,,,330327,3074207,81.56755125243217,1278.1511804973707,5.680671913321647,4.988202599242569,6,0.9516115848840694,0,0,0.01471883239595068,0.05155171127989888,0.0006437811025534756,0.4501194469630718,9834509.2578125,0.359375
s20_sc,10,,,337179,3411386,256.2273797597736,1534.3785602571443,6.81946026780953,5.174776602338817,6,1,0,0,0.01611547719115712,0.055973479989916086,0.001069765057764016,0.49864719063043594,9479120.828125,0.3671875
s20_sc,11,,,369513,3780899,63.343896022066474,1597.7224562792107,7.10098869457427,4.983050663982052,5,0.979570407536406,0,0,0.01587622666197212,0.05746230809018016,0.0007631653716089204,0.5201520249247551,1503770.052036199,0.46875
s20_sc,12,,,366333,4147232,151.38146381732076,1749.1039200965315,7.773795200429029,5.071404978530463,5,1,0,0,0.015697490349014107,0.056368845980614424,0.0008006580101209693,0.5120695680379868,9524937.8984375,0.4765625
s20_sc,13,,,328055,4475287,66.57286898326129,1815.6767890797928,8.069674618132412,5.044462056667327,5,1,0,0,0.014815767548652346,0.051972640212625265,0.001755053446686361,0.4634116441011429,9160704.3515625,0.3125
s20_sc,14,,,346249,4821536,66.37158274184912,1882.048371821642,8.364659430318408,5.047318548212414,5,1,0,0,0.015257718506679403,0.05297313677147031,0.0010280818387400359,0.46692052483558655,8121502.6328125,0.40625
s20_sc,15,,,321640,5143176,66.73603234719485,1948.7844041688368,8.661264018528163,4.883251461261037,5,0.9610838204203457,0,0,0.014588491623058022,0.051048855762928724,0.0017456285277148709,0.44142279401421547,9121288.4609375,0.3125
s20_sc,16,,,353152,5496328,121.49824678525329,2070.28265095409,9.201256226462622,5.046393620877129,5,1,0,0,0.014567828180459168,0.05222413782030344,0.0012353845813777298,0.44474657252430916,8030617.515625,0.4296875
s20_sc,17,,,326972,5823300,71.7509777545929,2142.033628708683,9.52014946092748,5.05010826615123,5,1,0,0,0.015540383419330854,0.05371355311945081,0.0019421445758780465,0.4637362062931061,9179069.8046875,0.4375
s20_sc,18,,,318034,6141334,71.68047063238919,2213.714099341072,9.838729330404766,5.051516504524673,5,1,0,0,0.01578831717690104,0.05516755999997258,0.0005721048946725205,0.48639264330267906,9535046.3125,0.3671875
s20_sc,19,,,278807,6420141,77.33237990364432,2291.0464792447165,10.182428796643185,5,5,1,0,0,0.015097430344481915,0.05327722383663058,0.0016152708849404007,0.45262568071484566,8145431.5234375,0.3359375
s20_sc,20,,,313085,6733226,177.04764390457422,2468.0941231492907,10.969307213996847,5,5,1,0,0,0.015181770293730863,0.051400641445070505,0.0017554008445586078,0.4535485617816448,9479724.640625,0.3203125
s20_sc,21,,,275660,7008886,67.17633128911257,2535.2704544384032,11.267868686392903,5,5,1,0,0,0.01564486426959348,0.05327873211354017,0.0019916916789952666,0.4560268223285675,1398522.097285068,0.3359375
s20_sc,22,,,315486,7324372,74.01436596829444,2609.2848204066977,11.596821424029768,5,5,1,0,0,0.014632353116983313,0.051287720911204815,0.0023636805926798843,0.44419148936867714,8659098.3125,0.3515625
s20_sc,23,,,319800,7644172,58.807938541285694,2668.0927589479834,11.858190039768814,4.916819887429644,5,0.9722732958098812,0,0,0.015393491673079025,0.053822653368115425,0.0024839097095537,0.47406841814517975,9237072.3359375,0.359375
s20_sc,24,,,279665,7923837,83.12300943769515,2751.2157683856785,12.227625637269682,5.056474710814725,5,1,0,0,0.01437497032025125,0.051165723241865635,0.00289116169733461,0.4395235665142536,8679219.53125,0.2890625
s20_sc,25,,,325164,8249001,65.65647382382303,2816.8722422095016,12.519432187597785,4.9513353261738695,5,0.9669828148257494,0,0,0.015536080346455684,0.05662432871758938,0.0015612240458722226,0.4907599091529846,10243760.078125,0.3828125
s20_sc,26,,,329904,8578905,149.428241613321,2966.3004838228226,13.183557705879211,4.933335152044231,5,0.9503370677530433,0,0,0.0161304979149389,0.05484735080972314,0.0021113193506607786,0.48558373004198074,9441710.40625,0.3828125
s20_sc,27,,,299438,8878343,67.12944639846683,3033.4299302212894,13.481910800983508,5.109431668659289,6,1,0,0,0.0161585670326613,0.05491885356605053,0.002325822599232197,0.4670843482017517,9323626.203125,0.328125
s20_sc,28,,,320324,9198667,81.00547866430134,3114.4354088855907,13.841935150602625,5.094666650016858,5,1,0,0,0.015735440855520356,0.055861742701381445,0.0021175914589548483,0.4688585549592972,9740949.1640625,0.4296875
s20_sc,29,,,290050,9488717,118.00589898042381,3232.4413078660145,14.366405812737842,4.81203930356835,5,0.9185174969832788,0,0,0.014808023841804671,0.05171256372705102,0.0034207198477815837,0.43756749853491783,9662057.2890625,0.265625
s20_sc,30,,,350065,9838782,171.13664239179343,3403.577950257808,15.127013112256924,5.090317512461971,5,1,0,0,0.016187742917275986,0.055712624453008175,0.0021291398006724194,0.4876885376870632,10751504.484375,0.46875
s20_sc,31,,,324691,10163473,63.77821842301637,3467.3561686808243,15.410471860803664,5.100920567554998,6,1,0,0,0.01549328839812417,0.056351435370743275,0.0024058807830442674,0.4771472215652466,1240145.2511312217,0.421875
s20_sc,32,,,329141,10492614,81.56822371762246,3548.924392398447,15.772997299548653,5.09955611728712,5,1,0,0,0.015679461292105654,0.055657187942415476,0.00273029922391288,0.4794365353882313,9031044.421875,0.3671875
s20_sc,33,,,334277,10826891,112.51390803139657,3661.4383004298434,16.273059113021525,5,5,1,0,0,0.01672189771880181,0.05682311952114105,0.0021671425784006715,0.48182734474539757,9548265.7890625,0.4453125
s20_sc,34,,,331278,11158169,73.21615012176335,3734.6544505516067,16.59846422467381,5,5,1,0,0,0.016485031847205716,0.05869846045970917,0.0039358897192869335,0.494581688195467,7903185.3828125,0.3828125
s20_sc,35,,,368740,11526909,64.51885360013694,3799.1733041517437,16.88521468511886,5,5,1,0,0,0.01630516309551666,0.05666673835366964,0.0022426144423661754,0.4777405448257923,9286536.5390625,0.453125
s20_sc,36,,,290475,11817384,119.61935812328011,3918.7926622750238,17.41685627677788,5,5,1,0,0,0.01599224321572561,0.057271815836429596,0.003933818807126954,0.4722045734524727,9201930.8125,0.296875
s20_sc,37,,,309527,12126911,69.36820329539478,3988.1608655704185,17.725159402535194,5,5,1,0,0,0.016159101518753625,0.05642349738627672,0.0037983430083841085,0.45682570338249207,10779143.5078125,0.4140625
s20_sc,38,,,327839,12454750,152.5948529727757,4140.755718543194,18.403358749080862,5,5,1,0,0,0.015961580353344596,0.05752255581319332,0.0037190520233707502,0.4632977992296219,9868587.6015625,0.4296875
s20_sc,39,,,271522,12726272,59.221800236962736,4199.977518780157,18.66656675013403,5,5,1,0,0,0.015337875471832843,0.054427489172667265,0.0047373169218190014,0.428751103579998,9488424.9453125,0.3125
s20_sc,40,,,318549,13044821,260.08261647913605,4460.060135259293,19.822489490041303,5,5,1,0,0,0.01648280959911094,0.05700741382315755,0.0027750577646656893,0.4631742648780346,10842306.1640625,0.359375
s21_tis,1,,,89450,89450,541.3933303399972,541.3933303399972,2.4061925792888763,0,0,0,0,0,0.013416213867194781,0.048482262529432774,,0.39190662652254105,4732045.075459317,0
s21_tis,2,,,177003,266453,119.08594213299511,660.4792724729923,2.935463433213299,1,1,0,0,0,0.013610489472896887,0.0483220717869699,,0.4253523498773575,10211925.8515625,0
s21_tis,3,,,281616,548069,71.35834953000449,731.8376220029968,3.2526116533466523,2,2,0,0,0,0.01398813006586594,0.04931149631738663,,0.4342559613287449,9929926.8125,0.1171875
s21_tis,4,,,464757,1012826,62.86201775399968,794.6996397569965,3.5319983989199843,3,3,0,0,0,0.01652331071739605,0.05875993054360151,,0.5379167646169662,9191496.6484375,0.7578125
s21_tis,5,,,483358,1496184,70.4824067360023,865.1820464929988,3.8452535399688834,3.995605741500089,4,0.995605741500089,0,0,0.015385300977125226,0.05477462289854884,,0.49594801291823387,8909748.2890625,0.8125
s21_tis,6,,,434773,1930957,71.40358207200188,936.5856285650007,4.162602793622225,4.450704160561949,5,1,0,0,0.015724728981692623,0.05570638878270984,,0.5075966082513332,9260147.3359375,0.6484375
s21_tis,7,,,347897,2278854,82.12751343700074,1018.7131420020014,4.52761396445334,4.887354590582845,5,0.9624515301942816,0,0,0.014488079591365872,0.05122771905735135,,0.4381620064377785,10775872.6953125,0.3984375
s21_tis,8,,,331128,2609982,134.39666523900087,1153.1098072410023,5.124932476626677,4.986322509724336,5,0.9789477181029692,0,0,0.015630310402757155,0.05428612045943737,,0.4820789769291878,9143126.15625,0.390625
s21_tis,9,,,316463,2926445,67.28114668299531,1220.3909539239976,5.423959795217767,5.103544490193166,6,1,0,0,0.013941479335754741,0.04986684396862984,,0.4304371327161789,9083808.2265625,0.3046875
s21_tis,10,,,310788,3237233,186.04467770399788,1406.4356316279955,6.250825029457758,5.105435216288917,6,1,0,0,0.014787657089917673,0.05255125788971782,,0.4525872655212879,10907808.488188976,0.328125
s21_tis,11,,,325316,3562549,72.8243198870041,1479.2599515149996,6.574488673399998,5.044283097050252,5,1,0,0,0.016345990603045205,0.05653596809133887,,0.5000619292259216,1683529.4508474576,0.421875
s21_tis,12,,,370636,3933185,137.33031036299508,1616.5902618779946,7.1848456083466425,5,5,1,0,0,0.014926795819828965,0.0525034093298018,,0.4500597044825554,10152231.671875,0.5390625
s21_tis,13,,,307290,4240475,61.0083983440054,1677.598660222,7.455994045431111,4.89900419798887,5,0.9663347326629568,0,0,0.016374899690861713,0.05702850082889199,,0.5051022917032242,8669095.8125,0.3828125
s21_tis,14,,,313755,4554230,76.52432919399871,1754.1229894159987,7.796102175182217,5.052219088142022,5,1,0,0,0.014543421834491777,0.04997943202033639,,0.43723442405462265,9951333.328125,0.296875
s21_tis,15,,,373779,4928009,129.01058203299908,1883.1335714489978,8.369482539773324,5.038750170555328,5,1,0,0,0.015616428812096135,0.05490564648061991,,0.482376154512167,8784735.6796875,0.515625
s21_tis,16,,,398472,5326481,56.51848013999552,1939.6520515889933,8.620675784839971,5.039131984179566,5,1,0,0,0.014973040391743003,0.05275015393272042,,0.4593720845878124,7913580.0390625,0.53125
s21_tis,17,,,348779,5675260,81.43256936399848,2021.0846209529918,8.98259831534663,5,5,1,0,0,0.01588171429904966,0.055947340093553066,,0.4842536896467209,8957841.53125,0.4609375
s21_tis,18,,,298167,5973427,110.89706431599916,2131.981685268991,9.475474156751071,5,5,1,0,0,0.014585229974225913,0.05192438466474414,,0.43463512137532234,9432922.546875,0.3125
s21_tis,19,,,341831,6315258,59.833924869999464,2191.8156101389905,9.741402711728847,5,5,1,0,0,0.015590428258167302,0.05425939476117492,,0.47745009511709213,9515744.7421875,0.375
s21_tis,20,,,301489,6616747,179.95201081300183,2371.7676209519923,10.541189426453299,5,5,1,0,0,0.015372990299005214,0.05302607687190175,,0.45655860006809235,8215824.2890625,0.34375
s21_tis,21,,,271784,6888531,69.25042103300075,2441.018041984993,10.848969075488858,5,5,1,0,0,0.013933700027680912,0.05012773768976331,,0.4179468899965286,1411271.1753393665,0.296875
s21_tis,22,,,308011,7196542,71.37403004799853,2512.3920720329916,11.166186986813296,5,5,1,0,0,0.014625599050457605,0.050916583742946386,,0.43863682821393013,8787223.5546875,0.3359375
s21_tis,23,,,321461,7518003,86.69286442299926,2599.084936455991,11.55148860647107,4.870998348166651,5,0.9569994493888839,0,0,0.014611972125133488,0.05021128663793206,,0.42314913123846054,10488966.1328125,0.40625
s21_tis,24,,,317155,7835158,91.45729723000113,2690.542233685992,11.957965483048854,4.9860888209235235,5,0.9781431792025981,0,0,0.014915960112617034,0.05329131195321679,,0.45509982854127884,9183058.2992126,0.3671875
s21_tis,25,,,282017,8117175,82.61595672699332,2773.1581904129853,12.325147512946602,5.009229940039075,6,0.9643461209785226,0,0,0.015063091318154934,0.05320043442770839,,0.45594536140561104,8857263.209302325,0.2578125
s21_tis,26,,,327191,8444366,69.45203839599708,2842.6102288089824,12.633823239151033,5.131180258625696,6,1,0,0,0.01579121462129639,0.05510134203359485,,0.4779031053185463,10190501.1796875,0.390625
s21_tis,27,,,307716,8752082,81.27732250699773,2923.88755131598,12.995055783626578,4.999314302798685,6,0.9642755007864394,0,0,0.016033180159567378,0.055483953561633825,,0.4781719222664833,10756626.296875,0.2890625
s21_tis,28,,,363929,9116011,76.55181660199742,3000.4393679179775,13.335286079635456,5.083634445180241,5,1,0,0,0.015106842355243946,0.05484769074246287,,0.47510360181331635,10240662.3125,0.4921875
s21_tis,29,,,304937,9420948,106.02882684100041,3106.468194758978,13.806525310039902,4.863135664087992,5,0.9364688443842498,0,0,0.01661194918888167,0.057060986291617155,,0.5003612115979195,10941316.9375,0.3515625
s21_tis,30,,,306381,9727329,200.49879238499852,3306.9669871439764,14.697631053973229,5.143406412277524,6,1,0,0,0.016212534016858595,0.05415006773546338,,0.4476930946111679,9221059.359375,0.359375
s21_tis,31,,,349878,10077207,118.47592560899648,3425.442912752973,15.224190723346545,5.0936555027752535,5,1,0,0,0.01593171231314722,0.05650906963273883,,0.49664803966879845,1517715.765837104,0.453125
s21_tis,32,,,382368,10459575,81.15769502900366,3506.6006077819766,15.584891590142119,5.085697547911959,5,1,0,0,0.016538655862765362,0.05890704458579421,,0.5273593217134476,9029056.28125,0.453125
s21_tis,33,,,337248,10796823,61.389039711000805,3567.9896474929774,15.857731766635455,4.996465509061581,5,1,0,0,0.01639765945305407,0.05614788457751274,,0.4847809635102749,9076624.6484375,0.4375
s21_tis,34,,,388412,11185235,129.24809869300225,3697.2377461859796,16.432167760826577,4.795580466103004,5,0.9189159964161766,0,0,0.015648601274350228,0.05541646433994174,,0.4916871562600136,8477949.6796875,0.5625
s21_tis,35,,,318363,11503598,61.09832385700429,3758.336070042984,16.703715866857706,5.102926533548183,6,1,0,0,0.015758533929946437,0.05404272302985191,,0.4651854932308197,9401440.90625,0.390625
s21_tis,36,,,354625,11858223,81.52606930800539,3839.8621393509893,17.066053952671062,5.087720831864646,5,1,0,0,0.015469114445057752,0.05423184437677264,,0.4707256183028221,10992669.640625,0.421875
s21_tis,37,,,311743,12169966,135.5393551399975,3975.401494490987,17.668451086626607,5.105112223851057,6,1,0,0,0.015041579246174028,0.05361283617094159,,0.4568207710981369,9134266.234375,0.375
s21_tis,38,,,311830,12481796,63.37467027800449,4038.7761647689913,17.950116287862183,5,5,1,0,0,0.01576892722507553,0.05621144361793995,,0.4758508875966072,9197962.6875,0.4375
s21_tis,39,,,290981,12772777,72.16965023300145,4110.945815001993,18.270870288897747,5,5,1,0,0,0.01590075153573396,0.056819107849150896,,0.4801815040409565,7022416.859375,0.296875
s21_tis,40,,,322823,13095600,179.53343293199578,4290.4792479339885,19.068796657484395,5,5,1,0,0,0.01634771923548737,0.05677314195781946,,0.4839940257370472,8427867.125,0.3828125
s21_sc,1,,,92408,92408,528.3621561359614,528.3621561359614,2.348276249493162,0,0,0,0,0,0.013370327571612333,0.04768415121361613,0.004059459533891641,0.39091335609555244,4670488.916666667,0
s21_sc,2,,,181089,273497,134.06198286730796,662.4241390032694,2.944107284458975,1,1,0,0,0,0.012930479312463316,0.047713561449199915,0.0020793569419765845,0.4038019999861717,10164598.6484375,0
s21_sc,3,,,287278,560775,57.61271518096328,720.0368541842327,3.200163796374367,2,2,0,0,0,0.01371462785813427,0.049037475138902664,0.0015308580332202837,0.42808039858937263,9464404.9609375,0.15625
s21_sc,4,,,491482,1052257,81.68230027332902,801.7191544575617,3.5631962420336074,3,3,0,0,0,0.016217635146221373,0.05801006127148867,0.00020676694111898541,0.5344837717711926,8925878.21875,0.859375
s21_sc,5,,,434016,1486273,70.17242392525077,871.8915783828124,3.8750736817013887,3.995246719014967,4,0.9952467190149672,0,0,0.015868672934801514,0.056881282944232225,0.001065671065589413,0.5099350027740002,8912607.0546875,0.6328125
s21_sc,6,,,418020,1904293,119.27470269799232,991.1662810808048,4.405183471470243,4.391708530692311,5,0.9648413951485575,0,0,0.015374221263079899,0.055496079847216606,0.0011025596832041629,0.5008600205183029,9003276.6171875,0.6015625
s21_sc,7,,,349530,2253823,67.51066035591066,1058.6769414367154,4.705230850829846,5,5,1,0,0,0.014430704050864414,0.050577197689563036,0.0005257846787571907,0.43549593538045883,10765825.7421875,0.4375
s21_sc,8,,,324584,2578407,124.94163678400218,1183.6185782207176,5.260527014314301,5.050476918147536,5,1,0,0,0.015502984191284264,0.05316454265266657,0.0013755734107689932,0.4772863835096359,9001377.015625,0.375
s21_sc,9,,,308809,2887216,65.90623693168163,1249.5248151523992,5.553443622899552,5.053055448513483,5,1,0,0,0.014181364401252929,0.0502805789001286,0.0009407258257851936,0.429744690656662,9446607.53125,0.359375
s21_sc,10,,,305634,3192850,176.8279491988942,1426.3527643512934,6.339345619339082,5,5,1,0,0,0.015011240469395616,0.053050500340759754,0.0024532826500944793,0.46577513217926025,10550581.5234375,0.296875
s21_sc,11,,,303265,3496115,76.01102374866605,1502.3637880999595,6.677172391555375,4.894320149044565,5,0.964773383014855,0,0,0.015547026870168032,0.05235982872545719,0.002193100895965472,0.4731646291911602,1668607.6402714932,0.3515625
s21_sc,12,,,370232,3866347,149.63239393290132,1651.9961820328608,7.342205253479381,5.0442533330452255,5,1,0,0,0.015113121361709558,0.05151870381087065,0.0009564534375385847,0.45957522839307785,10187813.3046875,0.5078125
s21_sc,13,,,303060,4169407,63.7227681055665,1715.7189501384273,7.625417556170788,4.9451329769682575,5,0.9636903583448821,0,0,0.016100644203264212,0.05596183054149151,0.001461729065340478,0.5126647651195526,8897778.125,0.390625
s21_sc,14,,,330701,4500108,115.25983800087124,1830.9787881392986,8.137683502841327,5.099086485979782,5,1,0,0,0.01491524785111857,0.050145762506872416,0.0006902904133312404,0.4469701163470745,9833166.296875,0.3671875
s21_sc,15,,,361533,4861641,57.64689185284078,1888.6256799921393,8.393891911076174,5.043362569945206,5,1,0,0,0.015318006312716913,0.053362523671239614,0.001378569555527065,0.47157302126288414,8541520.8125,0.5
s21_sc,16,,,397695,5259336,86.28663841169327,1974.9123184038326,8.777388081794811,5.041197400017602,5,1,0,0,0.014782350959943876,0.05249563045799732,0.00020737866725539789,0.4622385799884796,8493269.8125,0.53125
s21_sc,17,,,349882,5609218,68.24567685928196,2043.1579952631146,9.080702201169398,5,5,1,0,0,0.015638962126267825,0.054483428597450256,0.0012225678146933205,0.48785847052931786,9092960.8125,0.4140625
s21_sc,18,,,305997,5915215,109.7449326440692,2152.9029279071838,9.56845745736526,4.678741948450475,5,0.892913982816825,0,0,0.01397095717740441,0.049877604469656944,0.0023467951104976237,0.4250864312052727,9598139.6953125,0.3125
s21_sc,19,,,330999,6246214,64.60434917919338,2217.507277086377,9.855587898161676,5.014235692554962,5,0.9717461382058556,0,0,0.015736566831792174,0.05342187965288758,0.0012683058739639819,0.4724099859595299,9754291.8984375,0.3828125
s21_sc,20,,,292611,6538825,190.20242829807103,2407.709705384448,10.70093202393088,5.1667093854981525,6,1,0,0,0.015504659705175476,0.05319764791056514,0.000798368884716183,0.45540326461195946,8498207.0390625,0.3359375
s21_sc,21,,,291711,6830536,59.75802347250283,2467.467728856951,10.966523239364227,5.168495531536349,6,1,0,0,0.014592176253837493,0.05094487965106964,0.002065911525278352,0.43251625820994377,1382340.6018099547,0.34375
s21_sc,22,,,319608,7150144,132.67109328694642,2600.1388221438974,11.556172542861766,5.051262796926235,5,1,0,0,0.014865517462271886,0.051952040288597345,0.0015862485161051154,0.44529373943805695,8563646.265625,0.375
s21_sc,23,,,329799,7479943,65.84191549569368,2665.980737639591,11.848803278398183,5,5,1,0,0,0.01488457154359182,0.05142800370231271,0.0016486509193782695,0.4284239634871483,10960364.1015625,0.4453125
s21_sc,24,,,334756,7814699,139.63054456654936,2805.6112822061405,12.469383476471736,5,5,1,0,0,0.015079171661179376,0.052938378881663084,0.0021067372799734585,0.4535350985825062,9484025.578125,0.3671875
s21_sc,25,,,291674,8106373,62.1133125461638,2867.7245947523043,12.745442643343575,5,5,1,0,0,0.015031555163843075,0.05277595343068242,0.002341106708627194,0.4413796700537205,9147125.6328125,0.265625
s21_sc,26,,,324020,8430393,138.62645079568028,3006.3510455479845,13.361560202435486,5,5,1,0,0,0.01590869136922003,0.055313292890787125,0.0018792929186020046,0.4661267399787903,10247178.1953125,0.375
s21_sc,27,,,293699,8724092,75.5434007961303,3081.894446344115,13.697308650418288,5,5,1,0,0,0.016106595412929532,0.05523807043209672,0.0012986021902179345,0.4686529338359833,10282275.0859375,0.2421875
s21_sc,28,,,375899,9099991,125.13232577033341,3207.0267721144482,14.253452320508659,4.869241471778324,5,0.9564138239261079,0,0,0.015727120882770212,0.05645772069692612,0.001349885504168924,0.49659787490963936,10405873.328125,0.484375
s21_sc,29,,,319905,9419896,66.03344152402133,3273.0602136384696,14.546934282837643,4.947928291211453,5,0.9655710288992044,0,0,0.016396160712025765,0.056183012668043375,0.002096561685902998,0.49132074788212776,10829249.546875,0.3984375
s21_sc,30,,,319055,9738951,189.4487033924088,3462.5089170308784,15.388928520137236,4.948648352164987,6,0.9486483521649872,0,0,0.01583038444548624,0.05613232031464577,0.0025997904886025935,0.477221243083477,9228967.578125,0.4140625
s21_sc,31,,,347590,10086541,69.22249181009829,3531.7314088409767,15.69658403929323,5.128061796944676,6,1,0,0,0.016138548749422308,0.05637752590700984,0.0017187825360451825,0.4922712631523609,1474806.6221719456,0.4453125
s21_sc,32,,,358596,10445137,101.91608959063888,3633.6474984316155,16.149544437473846,5.089897823734788,5,1,0,0,0.015988985132345694,0.057054631877690554,0.001498448575148359,0.50278589874506,9120328.8046875,0.421875
s21_sc,33,,,355983,10801120,63.210493683815,3696.8579921154305,16.43047996495747,5.043417803659164,5,1,0,0,0.016031129965607294,0.05614532856270671,0.001417241153831128,0.4879520572721958,9158441.484375,0.421875
s21_sc,34,,,372028,11173148,122.57838840503246,3819.436380520463,16.975272802313167,5,5,1,0,0,0.015506396966118208,0.055260584224015474,0.002007658673392143,0.4709821976721287,8080096.8359375,0.5390625
s21_sc,35,,,317121,11490269,59.87837042286992,3879.314750943333,17.24139889308148,5,5,1,0,0,0.015175288491391856,0.052169329952448606,0.002856444611097686,0.4497084356844425,9009377.171875,0.3515625
s21_sc,36,,,346328,11836597,83.01916448026896,3962.333915423602,17.61037295743823,5,5,1,0,0,0.0155664072985348,0.054343223106116056,0.0019455655274214223,0.4590779095888138,10664396.015625,0.3828125
s21_sc,37,,,313697,12150294,142.16566017456353,4104.499575598165,18.242220335991846,5,5,1,0,0,0.015104840462352455,0.05328192329034209,0.0025120259961113334,0.44788096845149994,8956302.2578125,0.34375
s21_sc,38,,,314730,12465024,59.711880054324865,4164.21145565249,18.507606469566625,5,5,1,0,0,0.016036786601229983,0.056933061219751835,0.001928233788930811,0.4777471423149109,8873906.4765625,0.40625
s21_sc,39,,,277310,12742334,75.92416282184422,4240.1356184743345,18.845047193219266,5,5,1,0,0,0.015934431671779346,0.05595676088705659,0.0029760038596577942,0.46480222791433334,7151497.2109375,0.2734375
s21_sc,40,,,309360,13051694,183.25962244998664,4423.395240924321,19.659534404108093,5,5,1,0,0,0.016234179457377262,0.055874880868941545,0.002436689792375546,0.4756432734429836,8749147.78125,0.34375
s22_tis,1,,,116994,116994,527.0308220386505,527.0308220386505,2.342359209060669,0,0,0,0,0,0.013119436685605609,0.047752517741173506,,0.40164413675665855,4641008.06496063,0
s22_tis,2,,,160346,277340,89.60874092299491,616.6395629616454,2.7406202798295354,1,1,0,0,0,0.013705480106769169,0.04764001211151481,,0.4161118417978287,9829438.03125,0
s22_tis,3,,,303068,580408,72.76655383966863,689.406116801314,3.064027185783618,2,2,0,0,0,0.01444790295758041,0.051229920238256454,,0.4476523883640766,9346269.46875,0.203125
s22_tis,4,,,474140,1054548,79.547402205877,768.9535190071911,3.4175711955875157,3,3,0,0,0,0.015777478974085282,0.05661528743803501,,0.5146643631160259,10071903.359375,0.7421875
s22_tis,5,,,497354,1551902,128.22269969061017,897.1762186978012,3.9874498608791167,4,4,1,0,0,0.015503903590255358,0.05585449654608965,,0.5116232223808765,9464594.671875,0.8359375
s22_tis,6,,,341544,1893446,62.39935105666518,959.5755697544664,4.264780310019851,4.314009322371349,5,1,0,0,0.015002615903081655,0.05316004855558276,,0.47306717187166214,9387693.859375,0.359375
s22_tis,7,,,337601,2231047,71.19066142849624,1030.7662311829627,4.581183249702057,5,5,1,0,0,0.014901655040008715,0.05312056979164481,,0.46147408708930016,9272846.109375,0.390625
s22_tis,8,,,320731,2551778,64.00628685671836,1094.772518039681,4.865655635731915,5,5,1,0,0,0.014942937932490977,0.05141360778361559,,0.45578497648239136,8533214.3203125,0.3203125
s22_tis,9,,,351837,2903615,64.3328771321103,1159.1053951717913,5.15157953409685,4.860298945250215,5,0.9534329817500717,0,0,0.015812404124254435,0.05494017759338021,,0.47868218272924423,9467799.151785715,0.453125
s22_tis,10,,,318360,3221975,203.82329849991947,1362.9286936717108,6.057460860763159,5.0317722075637645,5,1,0,0,0.015472003431133391,0.05265598092228174,,0.4743308797478676,10152749.458333334,0.3359375
s22_tis,11,,,322601,3544576,65.30326983798295,1428.2319635096937,6.347697615598639,5.050787195327975,5,1,0,0,0.014801132780572143,0.051717094611376524,,0.44378989934921265,1423594.1798642534,0.40625
s22_tis,12,,,318171,3862747,68.1940509043634,1496.4260144140571,6.650782286284699,5.051494322235527,5,1,0,0,0.015617324055206269,0.054506002459675074,,0.4897206425666809,10221324.390625,0.375
s22_tis,13,,,293580,4156327,108.5914572570473,1605.0174716711044,7.133410985204908,5,5,1,0,0,0.014320236240324937,0.04978192504495382,,0.43360061198472977,10631274.609375,0.265625
s22_tis,14,,,293600,4449927,59.87355149909854,1664.891023170203,7.399515658534235,4.971263623978202,5,1,0,0,0.014649112783918377,0.050634610932320356,,0.4202350042760372,9218134.8984375,0.390625
s22_tis,15,,,383438,4833365,126.39138293452561,1791.2824061047286,7.961255138243238,5.022027029141609,5,1,0,0,0.017858840736793304,0.05647128028795123,,0.48220010846853256,9102009.2265625,0.4921875
s22_tis,16,,,334003,5167368,77.81812458764762,1869.1005306923762,8.307113469743895,5,5,1,0,0,0.015016980439657537,0.05290419142693281,,0.4667053185403347,11476446.2890625,0.421875
s22_tis,17,,,351188,5518556,105.21596960444003,1974.3165002968162,8.774740001319183,5,5,1,0,0,0.015242221928655387,0.05338481906801462,,0.472372081130743,11639844.1484375,0.4453125
s22_tis,18,,,364958,5883514,101.55630153231323,2075.8728018291295,9.226101341462797,5,5,1,0,0,0.015722774472467144,0.05533563159406185,,0.48318346962332726,10937521.7734375,0.5390625
s22_tis,19,,,316675,6200189,113.78772803675383,2189.6605298658833,9.731824577181703,5,5,1,0,0,0.0147935472165114,0.05182125931605697,,0.44559188559651375,8794488.1640625,0.328125
s22_tis,20,,,311961,6512150,184.4653942976147,2374.125924163498,10.55167077405999,5,5,1,0,0,0.015995886307691644,0.05516906548291445,,0.4918871782720089,9749515.296875,0.375
s22_tis,21,,,388483,6900633,112.83708140160888,2486.963005565107,11.053168913622697,4.921386521417926,5,0.9737955071393085,0,0,0.015663677162993703,0.05532967345789075,,0.497908778488636,1547882.6165158371,0.515625
s22_tis,22,,,398375,7299008,59.78719721827656,2546.7502027833834,11.31888979014837,5.0386495136492,5,1,0,0,0.015337296757064385,0.05467193340882659,,0.4922170862555504,8002126.8828125,0.5234375
s22_tis,23,,,346723,7645731,104.9575789552182,2651.7077817386016,11.78536791883823,5.035650937491888,5,1,0,0,0.015388800696385903,0.053872368298470974,,0.4727286621928215,9569940.875,0.4921875
s22_tis,24,,,336810,7982541,96.19861112255603,2747.9063928611577,12.212917301605145,5.145933909325732,6,1,0,0,0.015446949332696544,0.052781131118535995,,0.4629867449402809,8793556.3203125,0.4296875
s22_tis,25,,,335107,8317648,62.602909883484244,2810.509302744642,12.491152456642853,4.853324460545438,5,0.9511081535151459,0,0,0.015127503769792031,0.05384249659255147,,0.49121374636888504,9165947.7421875,0.4140625
s22_tis,26,,,362251,8679899,62.55808480642736,2873.0673875510693,12.769188389115863,5.044422237619772,5,1,0,0,0.016463880445926653,0.05702378647401929,,0.5119000263512135,9214858.0234375,0.4375
s22_tis,27,,,277891,8957790,101.90388180781156,2974.971269358881,13.222094530483915,5.058958368568971,5,1,0,0,0.015161522930722317,0.05281823081895709,,0.4464988596737385,9818105.4296875,0.2890625
s22_tis,28,,,325773,9283563,62.19161346554756,3037.1628828244284,13.498501701441905,5.041132936124233,5,1,0,0,0.016140763891803068,0.05615539103746414,,0.4907088167965412,8928129.703125,0.359375
s22_tis,29,,,302263,9585826,94.36224810034037,3131.5251309247687,13.91788947077675,5,5,1,0,0,0.014937367578181966,0.05308902869001031,,0.4597546011209488,10010252.9765625,0.3671875
s22_tis,30,,,315145,9900971,212.91336276195943,3344.438493686728,14.864171083052126,5,5,1,0,0,0.014793695228479564,0.05215046415105462,,0.4511326290667057,10535625.078125,0.3359375
s22_tis,31,,,316671,10217642,74.01156659703702,3418.450060283765,15.193111379038957,5,5,1,0,0,0.015059658380334792,0.05280136689543724,,0.45498616620898247,1366938.834841629,0.4453125
s22_tis,32,,,336751,10554393,77.87354149948806,3496.3236017832533,15.53921600792557,5,5,1,0,0,0.01635212147230075,0.05592086631804705,,0.49145742133259773,8830615.1171875,0.390625
s22_tis,33,,,306531,10860924,85.97157390415668,3582.29517568741,15.921311891944043,5,5,1,0,0,0.015225975880742319,0.05240842141211033,,0.4567813277244568,10505941.8828125,0.3359375
s22_tis,34,,,344626,11205550,142.99712127353996,3725.29229696095,16.556854653159778,5,5,1,0,0,0.014534333752047261,0.05131712043657899,,0.43711458146572113,9270983.6640625,0.4296875
s22_tis,35,,,362112,11567662,61.501162827946246,3786.793459788896,16.830193154617316,5,5,1,0,0,0.01501891794302761,0.052519734017550945,,0.4534834139049053,8158068.3203125,0.4609375
s22_tis,36,,,323583,11891245,73.82382535003126,3860.6172851389274,17.1582990450619,4.848100796395361,5,0.9493669321317869,0,0,0.015632336281609892,0.054602619260549545,,0.4629541113972664,9777812.1953125,0.375
s22_tis,37,,,300333,12191578,101.2143137967214,3961.831598935649,17.608140439713996,5.045659318156846,5,1,0,0,0.01565675207224279,0.05337012792006135,,0.4513665400445461,8887506.140625,0.2734375
s22_tis,38,,,361078,12552656,63.620761091820896,4025.4523600274697,17.890899377899867,5.045375237483314,5,1,0,0,0.015075895943781576,0.0533464765176177,,0.4492603726685047,10231146.2265625,0.46875
s22_tis,39,,,312547,12865203,93.98584332037717,4119.438203347847,18.30861423710154,4.479214326165344,5,0.8089311367570318,0,0,0.014888869520833875,0.05369970574975014,,0.4382952153682709,9666322.59375,0.3359375
s22_tis,40,,,288073,13153276,193.7646757736802,4313.202879121527,19.169790573873453,5.2274978911595325,6,1,0,0,0.014634823914531523,0.051505318377166986,,0.4112790413200855,9954262.149606299,0.3203125
s22_sc,1,,,105650,105650,562.0914805084467,562.0914805084467,2.4981843578153184,0,0,0,0,0,0.013233812876185795,0.0481434790417552,0.002273603226058185,0.3995529115200043,4703679.251968504,0
s22_sc,2,,,173202,278852,128.88765651453286,690.9791370229796,3.071018386768798,1,1,0,0,0,0.01263744250651539,0.04491329053416848,0.002547685318859294,0.36762892827391624,9795833.9921875,0
s22_sc,3,,,316699,595551,67.99198537599295,758.9711223989725,3.373204988439878,1.9731227443092654,2,0,0,0,0.01533308312322983,0.0538690616376698,0.0011326994135743007,0.501220490783453,9299669.6796875,0.203125
s22_sc,4,,,459770,1055321,67.47554798983037,826.4466703888029,3.673096312839124,3,3,0,0,0,0.015797163189373707,0.05728066572919488,0,0.5272791273891926,9807977.09375,0.7421875
s22_sc,5,,,477850,1533171,133.36940197646618,959.8160723652691,4.265849210512307,3.9907376791880296,4,0.9907376791880297,0,0,0.015311520406342774,0.05509514920413494,0.00022132228332338855,0.48768366500735283,9415289.390625,0.8125
s22_sc,6,,,385857,1919028,60.96717655658722,1020.7832489218563,4.536814439652694,4.466693619657023,5,1,0,0,0.015088660644969562,0.054729947820305824,0.0005991159559926018,0.4889833629131317,10127071.125,0.4765625
s22_sc,7,,,336255,2255283,104.42925139982253,1125.2125003216788,5.000944445874128,5,5,1,0,0,0.015198503577549077,0.05362233007326722,0.0007168762240326032,0.46474679186940193,9498685.53125,0.3984375
s22_sc,8,,,319049,2574332,57.79064633697271,1183.0031466586515,5.25779176292734,5,5,1,0,0,0.014869199493887772,0.05359462508931756,0.00028841370658483356,0.46359768509864807,8330379.65625,0.3203125
s22_sc,9,,,332104,2906436,105.05389422550797,1288.0570408841595,5.7246979594851535,4.761132055018909,5,0.92037735167297,0,0,0.0161917565597668,0.05563153699040413,0.002087503089569509,0.4842810109257698,9108202.203125,0.390625
s22_sc,10,,,324480,3230916,168.79360912647098,1456.8506500106305,6.474891777825024,5.094831730769231,5,1,0,0,0.01579037900135051,0.053827731404453516,0.0011864111002068967,0.47552236542105675,10315768.484375,0.390625
s22_sc,11,,,356127,3587043,68.49689580313861,1525.347545813769,6.7793224258389735,4.943961002676011,5,0.9539939403639712,0,0,0.014915195087055801,0.05244847107678652,0.0011381291478755884,0.45668842270970345,1422714.1595022625,0.421875
s22_sc,12,,,320339,3907382,94.38547610491514,1619.7330219186842,7.198813430749707,5.11692613137957,6,1,0,0,0.015241446874728759,0.05434589320793748,0.0006388702313415706,0.4872223399579525,9775294.1796875,0.3359375
s22_sc,13,,,288822,4196204,71.24178586062044,1690.9748077793047,7.515443590130243,5.0567269806316695,5,1,0,0,0.01450439615791202,0.05040320521220565,0.002007326707825996,0.4331287145614624,10611617.6640625,0.265625
s22_sc,14,,,311121,4507325,145.69947758410126,1836.674285363406,8.162996823837359,5.035002458850415,5,1,0,0,0.01567509491897531,0.05184253165498376,0.0020674287879955955,0.42975204810500145,9771343.7109375,0.40625
s22_sc,15,,,354038,4861363,63.32995950803161,1900.0042448714375,8.444463310539723,5,5,1,0,0,0.015474675682670018,0.05432451190426946,0.0013244895671959966,0.47928643599152565,9082933.5234375,0.4375
s22_sc,16,,,333692,5195055,86.9680362418294,1986.972281113267,8.830987916058964,5,5,1,0,0,0.0152655015900079,0.05331494612619281,0.0014811689470661804,0.47708459943532944,10942754.640625,0.3515625
s22_sc,17,,,335706,5530761,95.7545371549204,2082.7268182681873,9.256563636747499,5,5,1,0,0,0.015486108015759304,0.05413816776126623,0.0007839246245566756,0.4681226350367069,11402786.6796875,0.4140625
s22_sc,18,,,360316,5891077,148.29799321480095,2231.0248114829883,9.915665828813282,4.758437038599451,5,0.9194790128664838,0,0,0.015834853999644932,0.054783685598522425,0.0007171704273787327,0.4902908243238926,10762930.1328125,0.5234375
s22_sc,19,,,340950,6232027,62.67283751722425,2293.6976490002126,10.194211773334278,5.096107933714621,5,1,0,0,0.014652471517795775,0.05142424022778869,0.0013564701730501838,0.4481217823922634,9288024.3359375,0.3984375
s22_sc,20,,,311201,6543228,202.82055897265673,2496.5182079728693,11.095636479879419,5.088402672227917,5,1,0,0,0.016242278793191466,0.0580210923217237,0.002269994598464109,0.501391526311636,9994360.0703125,0.3359375
s22_sc,21,,,367586,6910814,63.30059177801013,2559.8187997508794,11.376972443337241,4.993495399715985,5,0.972732911481939,0,0,0.015622194212763476,0.05481857294216752,0.0011365556274540722,0.5010700523853302,1507042.6866515838,0.4296875
s22_sc,22,,,368896,7279710,86.59534469433129,2646.4141444452107,11.761840641978715,5.034866195350451,5,1,0,0,0.016087914174956888,0.05633996380493045,0.0017066479413188063,0.49876489490270615,7603786.3984375,0.5078125
s22_sc,23,,,391746,7671456,86.71094986889511,2733.125094314106,12.147222641396025,5.107888785080129,6,1,0,0,0.01512467550519494,0.05397778796032071,0.001089932477043476,0.4800589866936207,9844820.8828125,0.5625
s22_sc,24,,,316339,7987795,59.44622297491878,2792.5713172890246,12.41142807684011,4.979936081229314,5,0.9760478474042088,0,0,0.015256308207679788,0.05296779656782746,0.002239507157355547,0.4593313857913017,8623349.484375,0.34375
s22_sc,25,,,333720,8321515,80.88998629897833,2873.461303588003,12.77093912705779,4.8395661033201485,5,0.9301570178592833,0,0,0.015511765229281974,0.056268421933054924,0.0021554768463829532,0.49740340933203697,9002368.188976377,0.3828125
s22_sc,26,,,356328,8677843,92.72474629245698,2966.18604988046,13.183049110579821,5.13794032464471,6,1,0,0,0.01662465248443141,0.058001124300062656,0.0019750934734474868,0.5194206945598125,9203423.88372093,0.4609375
s22_sc,27,,,273315,8951158,72.12734406720847,3038.3133939476684,13.503615084211859,5.167074620858716,6,1,0,0,0.015467480030752054,0.05328484298661351,0.0029884159957873635,0.44819462299346924,9780491.976377953,0.2890625
s22_sc,28,,,340633,9291791,146.5277965851128,3184.841190532781,14.15484973570125,5.075820604580296,5,1,0,0,0.015845134182294322,0.056367934215813875,0.001015624453430064,0.5005375817418098,9100591.968992248,0.4375
s22_sc,29,,,287147,9578938,67.87748487479985,3252.718675407581,14.456527446255915,4.925487642218098,5,0.9751625474060325,0,0,0.014735822746171126,0.05335736460983753,0.002858972322428599,0.46394244208931923,9779007.9765625,0.3125
s22_sc,30,,,311272,9890210,201.64755837246776,3454.366233780049,15.352738816800217,5.052635636999152,5,1,0,0,0.014525429815042196,0.052622683346271515,0.0026589640183374286,0.44242246448993683,10814156.046875,0.359375
s22_sc,31,,,314583,10204793,60.631986231543124,3514.998220011592,15.622214311162631,5.039061233442367,5,1,0,0,0.014848270786445086,0.05313984351232648,0.002378556164330803,0.44857898354530334,1306838.0,0.3984375
s22_sc,32,,,335026,10539819,94.72998300660402,3609.728203018196,16.043236457858647,5.045023371320434,5,1,0,0,0.016465438942818135,0.057712594512850046,0.0028907302767038345,0.49555039778351784,9119561.5546875,0.40625
s22_sc,33,,,321880,10861699,70.30278928298503,3680.030992301181,16.35569329911636,5.025956878339754,5,1,0,0,0.015575268477422853,0.054097187705338,0.002471764004440047,0.4746345952153206,10243649.328125,0.375
s22_sc,34,,,336513,11198212,139.68682702165097,3819.717819322832,16.97652364143481,5,5,1,0,0,0.014460348371193301,0.05051867524161935,0.0023370877315755934,0.43607233464717865,9511911.109375,0.390625
s22_sc,35,,,371532,11569744,56.177879634313285,3875.895698957145,17.226203106476202,5,5,1,0,0,0.01533992086571798,0.05436897650361061,0.002497910463716835,0.46046383678913116,8037458.7578125,0.4921875
s22_sc,36,,,306453,11876197,85.52065727300942,3961.4163562301546,17.606294916578467,5,5,1,0,0,0.015419985879657984,0.053254586178809404,0.0025142168888123706,0.44848642870783806,9303560.3203125,0.359375
s22_sc,37,,,312851,12189048,58.08798636402935,4019.504342594184,17.86446374486304,5,5,1,0,0,0.015569698630980037,0.05384347774088383,0.0027587972799665295,0.4620700031518936,8534497.171875,0.265625
s22_sc,38,,,347849,12536897,76.44120989274234,4095.9455524869263,18.20420245549745,4.89338477327806,5,0.9644615910926868,0,0,0.015203933353276237,0.053384342696517706,0.0025481772318016738,0.45197244733572006,10443043.8359375,0.4453125
s22_sc,39,,,326182,12863079,145.24418830871582,4241.189740795642,18.849732181313964,5.0502296264048905,5,1,0,0,0.01607381063504104,0.05597507208585739,0.003566260333172977,0.48139043524861336,9876869.7578125,0.4140625
s22_sc,40,,,276443,13139522,172.67076140735298,4413.860502202995,19.617157787568868,5.059267190704775,5,1,0,0,0.014132115089948412,0.05070723965764046,0.004579384665703401,0.416874423623085,10283084.1328125,0.2890625
